title,url,time_published,authors,summary,banner_image,source,category_within_source,source_domain,topics,overall_sentiment_score,overall_sentiment_label,ticker_sentiment
Citizens Financial Group (NYSE:CFG) Price Target Raised to $77.00,https://www.marketbeat.com/instant-alerts/citizens-financial-group-nysecfg-price-target-raised-to-7700-2026-02-05/,20260205T162542,['MarketBeat'],"Evercore ISI has increased its price target for Citizens Financial Group (NYSE:CFG) to $77, maintaining an ""outperform"" rating and implying a 17.3% upside. This follows Citizens Financial Group beating Q4 EPS expectations with strong revenue growth. Other analysts like Jefferies, Bank of America, and Morgan Stanley also hold positive ratings, contributing to a consensus ""Moderate Buy"" for the stock.",https://www.marketbeat.com/logos/citizens-financial-group-inc-logo-1200x675.png,MarketBeat,General,MarketBeat,"[{'topic': 'earnings', 'relevance_score': '0.911125'}, {'topic': 'financial_markets', 'relevance_score': '0.848078'}, {'topic': 'finance', 'relevance_score': '0.928543'}, {'topic': 'economy_macro', 'relevance_score': '0.649035'}, {'topic': 'real_estate', 'relevance_score': '0.600228'}]",0.363565,Bullish,"[{'ticker': 'CFG', 'relevance_score': '1.000000', 'ticker_sentiment_score': '0.496927', 'ticker_sentiment_label': 'Bullish'}, {'ticker': 'BAC', 'relevance_score': '0.577677', 'ticker_sentiment_score': '0.325116', 'ticker_sentiment_label': 'Somewhat-Bullish'}, {'ticker': 'JPM', 'relevance_score': '0.565319', 'ticker_sentiment_score': '0.340060', 'ticker_sentiment_label': 'Somewhat-Bullish'}, {'ticker': 'MS', 'relevance_score': '0.594484', 'ticker_sentiment_score': '0.337052', 'ticker_sentiment_label': 'Somewhat-Bullish'}]"
Wells Fargo announces more layoffs at Jordan Creek campus,https://www.desmoinesregister.com/story/money/business/2026/02/05/wells-fargo-layoffs-jordan-creek/88527511007/,20260205T161143,['Kevin Baskins'],"Wells Fargo has announced another 49 layoffs at its West Des Moines Jordan Creek campus, effective April 4, contributing to an ongoing push for efficiency under CEO Charlie Scharf. This brings the total announced layoffs in the Des Moines metro to 1,475 since April 2022. The company's workforce reductions and focus on artificial intelligence are part of its strategy to streamline operations and adapt to market conditions.","https://www.gannett-cdn.com/authoring/authoring-images/2026/02/04/USAT/88509685007-getty-images-2259882029.jpg?crop=1023,576,x0,y106",The Des Moines Register,General,The Des Moines Register,"[{'topic': 'finance', 'relevance_score': '0.918724'}, {'topic': 'economy_macro', 'relevance_score': '0.810499'}, {'topic': 'earnings', 'relevance_score': '0.721793'}]",-0.105649,Neutral,"[{'ticker': 'WFC', 'relevance_score': '1.000000', 'ticker_sentiment_score': '-0.284857', 'ticker_sentiment_label': 'Somewhat-Bearish'}, {'ticker': 'JPM', 'relevance_score': '0.642621', 'ticker_sentiment_score': '0.100869', 'ticker_sentiment_label': 'Neutral'}]"
Here's Why Broadridge Financial (BR) is Poised for a Turnaround After Losing 13.4% in 4 Weeks,https://finviz.com/news/301579/heres-why-broadridge-financial-br-is-poised-for-a-turnaround-after-losing-134-in-4-weeks,20260205T154216,['Zacks Equity Research'],"Broadridge Financial Solutions (BR) has experienced a 13.4% decline in the past four weeks but is now showing signs of a potential turnaround. Technical indicators, specifically an oversold Relative Strength Index (RSI) of 25.73, suggest the selling pressure might be exhausting. Fundamentally, analysts have been raising earnings estimates for BR, and the company holds a Zacks Rank #2 (Buy), further indicating a possible rebound.",https://staticx-tuner.zacks.com/images/articles/charts/yseop/544/BR_RCI14.jpeg,Finviz,General,Finviz,"[{'topic': 'financial_markets', 'relevance_score': '0.938964'}, {'topic': 'earnings', 'relevance_score': '0.816192'}]",0.08786,Neutral,"[{'ticker': 'BR', 'relevance_score': '1.000000', 'ticker_sentiment_score': '0.318298', 'ticker_sentiment_label': 'Somewhat-Bullish'}, {'ticker': 'ATO', 'relevance_score': '0.527795', 'ticker_sentiment_score': '0.041223', 'ticker_sentiment_label': 'Neutral'}, {'ticker': 'AMZN', 'relevance_score': '0.555741', 'ticker_sentiment_score': '0.032144', 'ticker_sentiment_label': 'Neutral'}, {'ticker': 'JPM', 'relevance_score': '0.532113', 'ticker_sentiment_score': '0.013319', 'ticker_sentiment_label': 'Neutral'}, {'ticker': 'CRM', 'relevance_score': '0.549644', 'ticker_sentiment_score': '0.035571', 'ticker_sentiment_label': 'Neutral'}]"
GLD ETF undergoes 40% decline before $30 billion inflows,https://tradersunion.com/news/market-voices/show/1404277-gld-etf-volatility/,20260205T135845,['Igor Krasulya'],"The GLD ETF experienced significant volatility over its 22-year history, including a 40% decline within six months which led to 33% of its assets flowing out. Despite this turbulence, the ETF has since attracted approximately $30 billion in new cash, demonstrating its resilience. This renewed interest reflects persistent trends in precious metals markets and broader shifts towards low-fee ETF options.",https://files.tradersunion.com/images/twitter-news/ericbalchunas/ericbalchunas_01.jpg,Traders Union,General,Traders Union,"[{'topic': 'financial_markets', 'relevance_score': '0.945209'}, {'topic': 'finance', 'relevance_score': '0.732904'}]",0.181597,Somewhat-Bullish,"[{'ticker': 'GLD', 'relevance_score': '1.000000', 'ticker_sentiment_score': '0.190190', 'ticker_sentiment_label': 'Somewhat-Bullish'}, {'ticker': 'BLK', 'relevance_score': '0.744457', 'ticker_sentiment_score': '0.224260', 'ticker_sentiment_label': 'Somewhat-Bullish'}, {'ticker': 'JPM', 'relevance_score': '0.600289', 'ticker_sentiment_score': '0.206095', 'ticker_sentiment_label': 'Somewhat-Bullish'}]"
VICI Properties Inc. $VICI Position Lifted by Border to Coast Pensions Partnership Ltd,https://www.marketbeat.com/instant-alerts/filing-vici-properties-inc-vici-position-lifted-by-border-to-coast-pensions-partnership-ltd-2026-02-05/,20260205T132934,['MarketBeat'],"Border to Coast Pensions Partnership Ltd increased its stake in VICI Properties Inc. by 15.0% in the third quarter of 2025, acquiring an additional 75,000 shares to bring its total ownership to 575,000 shares worth approximately $18.75 million. This move is part of a broader trend of significant institutional investment in VICI, with major purchases from entities like Norges Bank, Allianz Asset Management, and JPMorgan Chase & Co. VICI, a REIT specializing in experiential real estate, maintains a ""Moderate Buy"" consensus from analysts with an average price target of $33.85, and offers a quarterly dividend of $0.45 per share, equating to a 6.2% yield.",https://www.marketbeat.com/logos/vici-properties-inc-logo-1200x675.png,MarketBeat,General,MarketBeat,"[{'topic': 'financial_markets', 'relevance_score': '0.927415'}, {'topic': 'real_estate', 'relevance_score': '0.834149'}, {'topic': 'finance', 'relevance_score': '0.725365'}, {'topic': 'earnings', 'relevance_score': '0.615897'}]",0.288753,Somewhat-Bullish,"[{'ticker': 'VICI', 'relevance_score': '1.000000', 'ticker_sentiment_score': '0.404813', 'ticker_sentiment_label': 'Bullish'}, {'ticker': 'JPM', 'relevance_score': '0.615602', 'ticker_sentiment_score': '0.264483', 'ticker_sentiment_label': 'Somewhat-Bullish'}, {'ticker': 'CZR', 'relevance_score': '0.623107', 'ticker_sentiment_score': '0.236969', 'ticker_sentiment_label': 'Somewhat-Bullish'}]"
"T. Rowe Price Group, Inc. (NASDAQ:TROW) Q4 2025 Earnings Call Transcript",https://www.insidermonkey.com/blog/t-rowe-price-group-inc-nasdaqtrow-q4-2025-earnings-call-transcript-1689491/,20260205T132232,['Insider Monkey Transcripts'],"T. Rowe Price Group, Inc. reported its Q4 2025 earnings, missing EPS expectations at $1.99 against an anticipated $2.47. Despite $56.9 billion in net outflows for the year, assets under management increased over 10% to $1.78 trillion due to strong market returns. The company highlighted strategic initiatives, including collaborations with Goldman Sachs, expansion of its ETF business, and growth in alternatives, while also addressing challenges in equity and mutual fund outflows.",https://imonkey-blog.imgix.net/blog/wp-content/uploads/2023/10/14204815/TROW-insidermonkey-1697330892298.jpg?auto=format&fit=clip&expires=1801785600&width=480&height=269,Insider Monkey,General,Insider Monkey,"[{'topic': 'earnings', 'relevance_score': '0.906182'}, {'topic': 'finance', 'relevance_score': '0.805602'}, {'topic': 'financial_markets', 'relevance_score': '0.736924'}, {'topic': 'mergers_and_acquisitions', 'relevance_score': '0.618287'}]",0.032377,Neutral,"[{'ticker': 'TROW', 'relevance_score': '1.000000', 'ticker_sentiment_score': '-0.200341', 'ticker_sentiment_label': 'Somewhat-Bearish'}, {'ticker': 'GS', 'relevance_score': '0.706068', 'ticker_sentiment_score': '0.241126', 'ticker_sentiment_label': 'Somewhat-Bullish'}, {'ticker': 'MS', 'relevance_score': '0.592836', 'ticker_sentiment_score': '0.109022', 'ticker_sentiment_label': 'Neutral'}, {'ticker': 'BAC', 'relevance_score': '0.549651', 'ticker_sentiment_score': '0.041150', 'ticker_sentiment_label': 'Neutral'}, {'ticker': 'JPM', 'relevance_score': '0.542849', 'ticker_sentiment_score': '-0.072776', 'ticker_sentiment_label': 'Neutral'}]"
Federated Hermes Inc. Acquires New Shares in Garrett Motion Inc. $GTX,https://www.marketbeat.com/instant-alerts/filing-federated-hermes-inc-acquires-new-shares-in-garrett-motion-inc-gtx-2026-02-05/,20260205T125902,['MarketBeat'],"Federated Hermes Inc. has acquired 120,835 shares of Garrett Motion Inc. (NYSE:GTX), valued at approximately $1.65 million, representing about 0.06% ownership. This strategic investment comes as Garrett Motion's Board of Directors approved a $250 million share repurchase program, signaling management's belief in the stock's undervaluation. Analyst sentiment remains positive, with a ""Moderate Buy"" consensus rating and an average price target of $18.80.",https://www.marketbeat.com/logos/garrett-motion-inc-logo-1200x675.png?v=20240515095300,MarketBeat,General,MarketBeat,"[{'topic': 'financial_markets', 'relevance_score': '0.909594'}, {'topic': 'finance', 'relevance_score': '0.810980'}, {'topic': 'manufacturing', 'relevance_score': '0.737077'}]",0.372104,Bullish,"[{'ticker': 'GTX', 'relevance_score': '1.000000', 'ticker_sentiment_score': '0.454854', 'ticker_sentiment_label': 'Bullish'}, {'ticker': 'JPM', 'relevance_score': '0.628338', 'ticker_sentiment_score': '0.226878', 'ticker_sentiment_label': 'Somewhat-Bullish'}]"
"Helios Technologies, Inc. $HLIO Position Lessened by Y Intercept Hong Kong Ltd",https://www.marketbeat.com/instant-alerts/filing-helios-technologies-inc-hlio-position-lessened-by-y-intercept-hong-kong-ltd-2026-02-05/,20260205T125759,['MarketBeat'],"Y Intercept Hong Kong Ltd significantly reduced its stake in Helios Technologies (NASDAQ:HLIO) by 74.9% in Q3, selling over 19,000 shares. Despite this, institutional ownership remains high at 94.72%, and multiple analysts have recently raised price targets or initiated coverage with ""Buy"" or ""Overweight"" ratings, resulting in an average target price of $69.25. Helios Technologies also reported strong Q3 earnings, beating EPS estimates and showing a 13.3% year-over-year revenue increase.",https://www.marketbeat.com/logos/helios-technologies-inc-logo-1200x675.png?v=20221128145242,MarketBeat,General,MarketBeat,"[{'topic': 'earnings', 'relevance_score': '0.924674'}, {'topic': 'financial_markets', 'relevance_score': '0.807955'}, {'topic': 'manufacturing', 'relevance_score': '0.607862'}]",0.204807,Somewhat-Bullish,"[{'ticker': 'HLIO', 'relevance_score': '1.000000', 'ticker_sentiment_score': '0.248743', 'ticker_sentiment_label': 'Somewhat-Bullish'}, {'ticker': 'JPM', 'relevance_score': '0.615223', 'ticker_sentiment_score': '0.131319', 'ticker_sentiment_label': 'Neutral'}, {'ticker': 'KEY', 'relevance_score': '0.647376', 'ticker_sentiment_score': '0.237611', 'ticker_sentiment_label': 'Somewhat-Bullish'}]"
Transdigm Group (NYSE:TDG) Cut to Sector Weight at KeyCorp,https://www.marketbeat.com/instant-alerts/transdigm-group-nysetdg-cut-to-sector-weight-at-keycorp-2026-02-05/,20260205T124414,['MarketBeat'],"KeyCorp downgraded Transdigm Group (NYSE:TDG) from an ""overweight"" to a ""sector weight"" rating. This downgrade follows a mix of analyst actions and recent financial news, including TransDigm beating Q1 earnings estimates but facing concerns over higher interest payments and significant insider stock sales. The company's stock opened at $1,264.41 on Thursday and has a ""Moderate Buy"" consensus rating from analysts.",https://www.marketbeat.com/logos/transdigm-group-incorporated-logo-1200x675.png?v=20231222092553,MarketBeat,General,MarketBeat,"[{'topic': 'earnings', 'relevance_score': '0.925064'}, {'topic': 'financial_markets', 'relevance_score': '0.825844'}]",-0.021984,Neutral,"[{'ticker': 'KEY', 'relevance_score': '0.730333', 'ticker_sentiment_score': '-0.131516', 'ticker_sentiment_label': 'Neutral'}, {'ticker': 'TDG', 'relevance_score': '1.000000', 'ticker_sentiment_score': '0.061999', 'ticker_sentiment_label': 'Neutral'}, {'ticker': 'JPM', 'relevance_score': '0.610785', 'ticker_sentiment_score': '0.049107', 'ticker_sentiment_label': 'Neutral'}]"
Corteva (NYSE:CTVA) Rating Lowered to Neutral at JPMorgan Chase & Co.,https://www.marketbeat.com/instant-alerts/corteva-nysectva-rating-lowered-to-neutral-at-jpmorgan-chase-co-2026-02-05/,20260205T124414,['MarketBeat'],"JPMorgan Chase & Co. has downgraded Corteva (NYSE:CTVA) from an ""overweight"" to a ""neutral"" rating, setting a new price target of $77.00. This comes as Corteva reported mixed Q4 earnings, meeting EPS estimates but missing revenue expectations, leading to some downward pressure on the stock. Despite this, the company raised its FY 2026 EPS guidance, showing confidence in future growth.",https://www.marketbeat.com/logos/corteva-inc-logo-1200x675.png?v=20221021152658,MarketBeat,General,MarketBeat,"[{'topic': 'earnings', 'relevance_score': '0.939752'}, {'topic': 'financial_markets', 'relevance_score': '0.826914'}]",-0.281502,Somewhat-Bearish,"[{'ticker': 'JPM', 'relevance_score': '0.836402', 'ticker_sentiment_score': '-0.145964', 'ticker_sentiment_label': 'Neutral'}, {'ticker': 'CTVA', 'relevance_score': '1.000000', 'ticker_sentiment_score': '-0.402609', 'ticker_sentiment_label': 'Bearish'}]"
ENGIE (OTCMKTS:ENGIY) Stock Rating Lowered by JPMorgan Chase & Co.,https://www.marketbeat.com/instant-alerts/engie-otcmktsengiy-stock-rating-lowered-by-jpmorgan-chase-co-2026-02-05/,20260205T124414,['MarketBeat'],"JPMorgan Chase & Co. has downgraded ENGIE (OTCMKTS:ENGIY) from an ""overweight"" to a ""neutral"" rating. Despite this, other analysts from Morgan Stanley, Royal Bank Of Canada, Berenberg Bank, Barclays, and Citigroup have given the stock ratings ranging from ""overweight"" to ""buy"" or ""hold."" ENGIE currently holds an average rating of ""Moderate Buy"" from market analysts.",https://www.marketbeat.com/logos/engie-sa-logo-1200x675.jpg,MarketBeat,General,MarketBeat,"[{'topic': 'financial_markets', 'relevance_score': '0.939130'}, {'topic': 'energy_transportation', 'relevance_score': '0.824243'}]",0.037921,Neutral,"[{'ticker': 'JPM', 'relevance_score': '0.307908', 'ticker_sentiment_score': '0.008212', 'ticker_sentiment_label': 'Neutral'}]"
Truist Maintains Buy Rating on American Express (AXP) Citing Rising Growth Costs Following Q4 Results,https://www.insidermonkey.com/blog/truist-maintains-buy-rating-on-american-express-axp-citing-rising-growth-costs-following-q4-results-1689293/,20260205T122943,['Maham Fatima'],"Truist has maintained its Buy rating on American Express (AXP) but lowered its price target to $400 from $420 following the company's Q4 2025 results. JPMorgan also reduced its price target to $375 while keeping a Neutral rating. American Express reported strong full-year 2025 revenues of $72 billion, a 10% increase year-over-year, and an EPS of $15.38, driven by record net card fees and robust spending from Millennial and Gen Z customers.",https://imonkey-blog.imgix.net/blog/wp-content/uploads/2017/07/26215504/american-express-89024_640.jpg?auto=format&fit=clip&expires=1801785600&width=480&height=300,Insider Monkey,General,Insider Monkey,"[{'topic': 'earnings', 'relevance_score': '0.919949'}, {'topic': 'financial_markets', 'relevance_score': '0.827920'}, {'topic': 'finance', 'relevance_score': '0.731034'}, {'topic': 'retail_wholesale', 'relevance_score': '0.620068'}, {'topic': 'economy_macro', 'relevance_score': '0.625645'}]",0.161977,Somewhat-Bullish,"[{'ticker': 'AXP', 'relevance_score': '1.000000', 'ticker_sentiment_score': '0.286359', 'ticker_sentiment_label': 'Somewhat-Bullish'}, {'ticker': 'JPM', 'relevance_score': '0.617575', 'ticker_sentiment_score': '0.004637', 'ticker_sentiment_label': 'Neutral'}, {'ticker': 'TFC', 'relevance_score': '0.602647', 'ticker_sentiment_score': '0.100436', 'ticker_sentiment_label': 'Neutral'}]"
"HORAN Wealth LLC Acquires 6,139 Shares of RTX Corporation $RTX",https://www.marketbeat.com/instant-alerts/filing-horan-wealth-llc-acquires-6139-shares-of-rtx-corporation-rtx-2026-02-05/,20260205T122701,['MarketBeat'],"HORAN Wealth LLC significantly increased its stake in RTX Corporation, purchasing an additional 6,139 shares, bringing its total holdings to 9,072 shares valued at approximately $1.52 million. This increase follows a strong quarter for RTX, which beat earnings estimates and raised its FY2026 guidance, while securing major defense contracts. Despite positive news, the stock is seeing some profit-taking and valuation concerns.",https://www.marketbeat.com/logos/rtx-corporation-logo-1200x675.png?v=20251216095440,MarketBeat,General,MarketBeat,"[{'topic': 'earnings', 'relevance_score': '0.939462'}, {'topic': 'financial_markets', 'relevance_score': '0.830876'}, {'topic': 'finance', 'relevance_score': '0.710522'}, {'topic': 'manufacturing', 'relevance_score': '0.610158'}]",0.329139,Somewhat-Bullish,"[{'ticker': 'RTX', 'relevance_score': '0.973693', 'ticker_sentiment_score': '0.387899', 'ticker_sentiment_label': 'Bullish'}, {'ticker': 'NOW', 'relevance_score': '0.552830', 'ticker_sentiment_score': '0.273645', 'ticker_sentiment_label': 'Somewhat-Bullish'}, {'ticker': 'JPM', 'relevance_score': '0.569969', 'ticker_sentiment_score': '0.288225', 'ticker_sentiment_label': 'Somewhat-Bullish'}, {'ticker': 'MSFT', 'relevance_score': '0.583627', 'ticker_sentiment_score': '0.290826', 'ticker_sentiment_label': 'Somewhat-Bullish'}]"
JPMorgan Raises Lululemon (LULU) Q4 2025 EPS Estimate Following ICR Conference Meeting Citing Updated 2026 Projections,https://finviz.com/news/301055/jpmorgan-raises-lululemon-lulu-q4-2025-eps-estimate-following-icr-conference-meeting-citing-updated-2026-projections,20260205T122645,['Maham Fatima'],"JPMorgan has raised its Q4 2025 EPS estimate for Lululemon (LULU) and modeled a FY 2026 EPS of $12.33, following a meeting at the ICR Conference. This update comes after JPMorgan previously increased Lululemon's price target to $209 from $203. Deutsche Bank also restarted coverage of Lululemon with a Hold rating, anticipating solid revenue trends in 2026.",https://d2gr5kl7dt2z3t.cloudfront.net/blog/wp-content/uploads/2017/03/06122613/shutterstock_265628858.jpg,Finviz,General,Finviz,"[{'topic': 'earnings', 'relevance_score': '0.931257'}, {'topic': 'financial_markets', 'relevance_score': '0.839429'}, {'topic': 'retail_wholesale', 'relevance_score': '0.706198'}, {'topic': 'economy_macro', 'relevance_score': '0.610185'}]",0.355125,Bullish,"[{'ticker': 'LULU', 'relevance_score': '1.000000', 'ticker_sentiment_score': '0.396024', 'ticker_sentiment_label': 'Bullish'}, {'ticker': 'JPM', 'relevance_score': '0.632305', 'ticker_sentiment_score': '0.328235', 'ticker_sentiment_label': 'Somewhat-Bullish'}]"
"swisspartners Advisors Ltd Acquires 78,950 Shares of APA Corporation $APA",https://www.marketbeat.com/instant-alerts/filing-swisspartners-advisors-ltd-acquires-78950-shares-of-apa-corporation-apa-2026-02-05/,20260205T122057,['MarketBeat'],"swisspartners Advisors Ltd significantly increased its stake in APA Corporation, purchasing an additional 78,950 shares to now hold 448,460 shares, valued at approximately $10.9 million. This increase makes APA the wealth management firm's fourth-largest position, representing about 9% of its total holdings. The increase in institutional ownership comes as APA reported stronger-than-expected earnings per share and announced a quarterly dividend, while analysts maintain a ""Hold"" rating with an average target price of $26.35.",https://www.marketbeat.com/logos/apa-co-logo-1200x675.png?v=20240119115513,MarketBeat,General,MarketBeat,"[{'topic': 'earnings', 'relevance_score': '0.964392'}, {'topic': 'financial_markets', 'relevance_score': '0.864940'}, {'topic': 'energy_transportation', 'relevance_score': '0.730366'}, {'topic': 'finance', 'relevance_score': '0.685434'}]",0.061331,Neutral,"[{'ticker': 'APA', 'relevance_score': '0.981031', 'ticker_sentiment_score': '0.263301', 'ticker_sentiment_label': 'Somewhat-Bullish'}, {'ticker': 'SCHW', 'relevance_score': '0.623134', 'ticker_sentiment_score': '0.149415', 'ticker_sentiment_label': 'Neutral'}, {'ticker': 'GS', 'relevance_score': '0.555575', 'ticker_sentiment_score': '0.126672', 'ticker_sentiment_label': 'Neutral'}, {'ticker': 'JPM', 'relevance_score': '0.572792', 'ticker_sentiment_score': '-0.148830', 'ticker_sentiment_label': 'Neutral'}, {'ticker': 'MS', 'relevance_score': '0.575330', 'ticker_sentiment_score': '-0.141879', 'ticker_sentiment_label': 'Neutral'}]"
"London Stock Exchange Shares Rebound as JPMorgan, Goldman Downplay AI Risk",https://www.bloomberg.com/news/articles/2026-02-05/london-stock-exchange-shares-rebound-as-jpmorgan-goldman-downplay-ai-risk,20260205T121817,['Joe Easton and Rose Henderson'],Shares of London Stock Exchange Group Plc (LSEG) rebounded after JPMorgan Chase & Co. and Goldman Sachs Group Inc. analysts mitigated concerns about AI's impact on its data and analytics business. The stock rose over 7% as analysts suggested market confusion regarding AI's disruption to LSEG. JPMorgan reiterated a buy rating for LSEG.,https://assets.bwbx.io/images/users/iqjWHBFdfxIU/iXybMgPQPWXI/v1/-1x-1.webp,Bloomberg.com,General,Bloomberg.com,"[{'topic': 'financial_markets', 'relevance_score': '0.948858'}, {'topic': 'technology', 'relevance_score': '0.801280'}, {'topic': 'finance', 'relevance_score': '0.733377'}]",0.303327,Somewhat-Bullish,"[{'ticker': 'JPM', 'relevance_score': '0.932315', 'ticker_sentiment_score': '0.321284', 'ticker_sentiment_label': 'Somewhat-Bullish'}, {'ticker': 'GS', 'relevance_score': '0.844749', 'ticker_sentiment_score': '0.323896', 'ticker_sentiment_label': 'Somewhat-Bullish'}]"
"Principal Financial Group Inc. Boosts Stake in PulteGroup, Inc. $PHM",https://www.marketbeat.com/instant-alerts/filing-principal-financial-group-inc-boosts-stake-in-pultegroup-inc-phm-2026-02-05/,20260205T115132,['MarketBeat'],"Principal Financial Group Inc. significantly increased its stake in PulteGroup, Inc. by 24.2% in the third quarter of 2025, now owning 312,935 shares valued at over $41 million. Institutional investors collectively hold nearly 90% of PulteGroup's stock. The company maintains a ""Moderate Buy"" consensus rating from analysts with an average target price of $140.15, and has also declared a quarterly dividend of $0.26 per share.",https://www.marketbeat.com/logos/pultegroup-inc-logo-1200x675.jpg?v=20221109145244,MarketBeat,General,MarketBeat,"[{'topic': 'financial_markets', 'relevance_score': '0.923599'}, {'topic': 'real_estate', 'relevance_score': '0.800006'}, {'topic': 'earnings', 'relevance_score': '0.731130'}, {'topic': 'finance', 'relevance_score': '0.602355'}]",0.132346,Neutral,"[{'ticker': 'PHM', 'relevance_score': '1.000000', 'ticker_sentiment_score': '0.253638', 'ticker_sentiment_label': 'Somewhat-Bullish'}, {'ticker': 'PFG', 'relevance_score': '0.840848', 'ticker_sentiment_score': '0.243997', 'ticker_sentiment_label': 'Somewhat-Bullish'}, {'ticker': 'JPM', 'relevance_score': '0.623938', 'ticker_sentiment_score': '-0.203446', 'ticker_sentiment_label': 'Somewhat-Bearish'}, {'ticker': 'C', 'relevance_score': '0.649585', 'ticker_sentiment_score': '0.210207', 'ticker_sentiment_label': 'Somewhat-Bullish'}]"
"Cullen Capital Management LLC Sells 9,615 Shares of Chubb Limited $CB",https://www.marketbeat.com/instant-alerts/filing-cullen-capital-management-llc-sells-9615-shares-of-chubb-limited-cb-2026-02-05/,20260205T112737,['MarketBeat'],"Cullen Capital Management LLC has reduced its stake in Chubb Limited (NYSE:CB) by selling 9,615 shares, bringing its total holding to 685,887 shares, valued at approximately $193.6 million. This reduction comes after Chubb exceeded Q4 earnings expectations with strong EPS and revenue growth, leading to several analyst price target increases. Despite institutional investors owning a significant 83.81% of the company, insiders have been net sellers in the past quarter, disposing of 33,635 shares.",https://www.marketbeat.com/logos/chubb-ltd-logo-1200x675.png,MarketBeat,General,MarketBeat,"[{'topic': 'earnings', 'relevance_score': '0.937755'}, {'topic': 'financial_markets', 'relevance_score': '0.733407'}, {'topic': 'finance', 'relevance_score': '0.627985'}]",0.106801,Neutral,"[{'ticker': 'CB', 'relevance_score': '0.984465', 'ticker_sentiment_score': '0.303240', 'ticker_sentiment_label': 'Somewhat-Bullish'}, {'ticker': 'JPM', 'relevance_score': '0.613650', 'ticker_sentiment_score': '0.114376', 'ticker_sentiment_label': 'Neutral'}, {'ticker': 'BAC', 'relevance_score': '0.563375', 'ticker_sentiment_score': '-0.164984', 'ticker_sentiment_label': 'Somewhat-Bearish'}]"
Principal Financial Group Inc. Has $43.16 Million Holdings in Talen Energy Corporation $TLN,https://www.marketbeat.com/instant-alerts/filing-principal-financial-group-inc-has-4316-million-holdings-in-talen-energy-corporation-tln-2026-02-05/,20260205T112646,['MarketBeat'],"Principal Financial Group Inc. significantly increased its stake in Talen Energy Corporation (NASDAQ:TLN) by 2,067.8% in Q3, now owning 101,452 shares valued at $43.16 million. Other institutional investors have also adjusted their holdings, with the company's stock having a ""Moderate Buy"" rating from analysts and a consensus target price of $413.25. Talen Energy recently beat earnings per share estimates, reporting $4.25 for the quarter against an anticipated $4.01.",https://www.marketbeat.com/logos/talen-energy-co-common-stock-when-issued-logo-1200x675.jpg,MarketBeat,General,MarketBeat,"[{'topic': 'earnings', 'relevance_score': '0.913613'}, {'topic': 'financial_markets', 'relevance_score': '0.803119'}, {'topic': 'energy_transportation', 'relevance_score': '0.734761'}, {'topic': 'finance', 'relevance_score': '0.636651'}]",0.265214,Somewhat-Bullish,"[{'ticker': 'PFG', 'relevance_score': '0.844237', 'ticker_sentiment_score': '0.262930', 'ticker_sentiment_label': 'Somewhat-Bullish'}, {'ticker': 'JPM', 'relevance_score': '0.637744', 'ticker_sentiment_score': '0.327429', 'ticker_sentiment_label': 'Somewhat-Bullish'}, {'ticker': 'BAC', 'relevance_score': '0.558771', 'ticker_sentiment_score': '0.224811', 'ticker_sentiment_label': 'Somewhat-Bullish'}, {'ticker': 'WFC', 'relevance_score': '0.576075', 'ticker_sentiment_score': '0.229438', 'ticker_sentiment_label': 'Somewhat-Bullish'}]"
"CTVA: JP Morgan Downgrades Corteva, Raises Price Target to $77",https://www.gurufocus.com/news/8584118/ctva-jp-morgan-downgrades-corteva-raises-price-target-to-77-ctva-stock-news,20260205T112513,[],"JP Morgan has downgraded Corteva (CTVA) from 'Overweight' to 'Neutral' but simultaneously raised its price target from $75.00 to $77.00. This adjustment comes amidst a series of recent analyst activities with varying ratings and price target increases from other firms like Oppenheimer, Citigroup, and Mizuho. Corteva, an agricultural inputs pure-play, plans to spin off its seeds business in 2026 to become a pure-play crop protection company.","https://static.gurufocus.com/cdn-cgi/image/width=600,quality=100/logos/0C0000BMKS.png?20",GuruFocus,General,GuruFocus,"[{'topic': 'financial_markets', 'relevance_score': '0.941345'}, {'topic': 'life_sciences', 'relevance_score': '0.623973'}]",-0.065713,Neutral,"[{'ticker': 'CTVA', 'relevance_score': '1.000000', 'ticker_sentiment_score': '0.093008', 'ticker_sentiment_label': 'Neutral'}, {'ticker': 'JPM', 'relevance_score': '0.677612', 'ticker_sentiment_score': '-0.142734', 'ticker_sentiment_label': 'Neutral'}]"
Form FWP JPMorgan Chase Financial Filed by: JPMorgan Chase Financial Co. LLC,https://www.streetinsider.com/SEC+Filings/Form+FWP+JPMorgan+Chase+Financial+Filed+by%3A+JPMorgan+Chase+Financial+Co.+LLC/25949930.html,20260205T112132,[],"JPMorgan Chase Financial Company LLC has filed a Form FWP (Free Writing Prospectus) with the SEC regarding its 2-year RTY/SPX Uncapped Accelerated Barrier Notes. These notes are linked to the Russell 2000 Index and the S&P 500 Index, offering accelerated returns with a barrier feature, but investors are exposed to the credit risk of JPMorgan Chase Financial Company LLC and JPMorgan Chase & Co. and could lose principal. The document provides a summary of terms, hypothetical returns, selected risks, and additional SEC filing information.",,StreetInsider,General,StreetInsider,"[{'topic': 'financial_markets', 'relevance_score': '0.906323'}, {'topic': 'finance', 'relevance_score': '0.735641'}]",-0.16287,Somewhat-Bearish,"[{'ticker': 'JPM', 'relevance_score': '1.000000', 'ticker_sentiment_score': '0.021969', 'ticker_sentiment_label': 'Neutral'}, {'ticker': 'AMD', 'relevance_score': '0.709569', 'ticker_sentiment_score': '-0.333772', 'ticker_sentiment_label': 'Somewhat-Bearish'}, {'ticker': 'QCOM', 'relevance_score': '0.632644', 'ticker_sentiment_score': '-0.201825', 'ticker_sentiment_label': 'Somewhat-Bearish'}, {'ticker': 'GOOGL', 'relevance_score': '0.605537', 'ticker_sentiment_score': '-0.123769', 'ticker_sentiment_label': 'Neutral'}]"
"Banc of California, Inc. Increases Quarterly Common Stock Dividend 20% to $0.12 Per Share",https://www.businesswire.com/news/home/20260205000943/en/Banc-of-California-Inc.-Increases-Quarterly-Common-Stock-Dividend-20-to-%240.12-Per-Share,20260205T111733,[],"Banc of California, Inc. announced a 20% increase in its quarterly cash dividend for common stock, raising it to $0.12 per share, payable April 1, 2026. This decision reflects the company's strong financial performance and confidence in its earnings outlook, aiming to reward shareholders and deliver long-term value. Additionally, the company declared a quarterly dividend of $0.4845 per depositary share for its Series F Preferred Stock.",https://mms.businesswire.com/media/20260205000943/en/483975/4/BANC_Inc.jpg,Business Wire,General,Business Wire,"[{'topic': 'earnings', 'relevance_score': '0.922431'}, {'topic': 'finance', 'relevance_score': '0.843399'}]",0.122256,Neutral,"[{'ticker': 'BANC-P-F', 'relevance_score': '0.336101', 'ticker_sentiment_score': '0.006103', 'ticker_sentiment_label': 'Neutral'}, {'ticker': 'JPM', 'relevance_score': '0.612127', 'ticker_sentiment_score': '0.244187', 'ticker_sentiment_label': 'Somewhat-Bullish'}]"
Honeywell International (NASDAQ:HON) Hits New 52-Week High - Still a Buy?,https://www.marketbeat.com/instant-alerts/honeywell-international-nasdaqhon-hits-new-52-week-high-still-a-buy-2026-02-05/,20260205T111127,['MarketBeat'],"Honeywell International (NASDAQ:HON) recently hit a new 52-week high, trading at $235.35, following positive analyst sentiment and strong Q4 earnings that beat consensus estimates. Despite this, the stock faces mixed signals including a significant insider sale and some analysts maintaining lower price targets. Institutional investors have notably increased their holdings, while the company maintains a ""Moderate Buy"" rating from analysts with an average target price of $244.50.",https://www.marketbeat.com/logos/6hon_logo-1200x675.png,MarketBeat,General,MarketBeat,"[{'topic': 'earnings', 'relevance_score': '0.912107'}, {'topic': 'financial_markets', 'relevance_score': '0.817388'}, {'topic': 'manufacturing', 'relevance_score': '0.737699'}]",0.307316,Somewhat-Bullish,"[{'ticker': 'HON', 'relevance_score': '1.000000', 'ticker_sentiment_score': '0.328239', 'ticker_sentiment_label': 'Somewhat-Bullish'}, {'ticker': 'BEN', 'relevance_score': '0.553544', 'ticker_sentiment_score': '0.259695', 'ticker_sentiment_label': 'Somewhat-Bullish'}, {'ticker': 'JPM', 'relevance_score': '0.555318', 'ticker_sentiment_score': '0.269323', 'ticker_sentiment_label': 'Somewhat-Bullish'}]"
ICEâ€™s Private Prison Contractors Spent Millions Lobbying to Force Banks to Give Them Loans,https://theintercept.com/2026/02/05/private-prison-corecivic-geo-group-ice-bank-loan/,20260205T110154,['Biplob Kumar Das'],"Private prison giants GEO Group and CoreCivic have spent millions lobbying Congress to pass the ""Fair Access to Banking Act."" This legislation aims to compel banks, many of which have previously cut ties due to ESG policies and reports of abuses, to provide them with financing. Civil liberties advocates criticize the bill, arguing that banks should not be forced to do business with industries deemed harmful, especially as these companies seek new credit lines to expand detention facilities.",https://theintercept.com/wp-content/uploads/2026/02/GettyImages-2224631797-e1770237618858.jpg?fit=4000%2C2000,The Intercept,General,The Intercept,"[{'topic': 'finance', 'relevance_score': '0.921861'}]",-0.304472,Somewhat-Bearish,"[{'ticker': 'CXW', 'relevance_score': '0.953538', 'ticker_sentiment_score': '-0.404087', 'ticker_sentiment_label': 'Bearish'}, {'ticker': 'WFC', 'relevance_score': '0.705392', 'ticker_sentiment_score': '-0.315666', 'ticker_sentiment_label': 'Somewhat-Bearish'}, {'ticker': 'JPM', 'relevance_score': '0.733647', 'ticker_sentiment_score': '-0.332823', 'ticker_sentiment_label': 'Somewhat-Bearish'}, {'ticker': 'BAC', 'relevance_score': '0.669195', 'ticker_sentiment_score': '-0.283241', 'ticker_sentiment_label': 'Somewhat-Bearish'}, {'ticker': 'FITB', 'relevance_score': '0.581648', 'ticker_sentiment_score': '-0.210847', 'ticker_sentiment_label': 'Somewhat-Bearish'}]"
"SBI Securities Co. Ltd. Sells 2,828 Shares of Invesco QQQ $QQQ",https://www.marketbeat.com/instant-alerts/filing-sbi-securities-co-ltd-sells-2828-shares-of-invesco-qqq-qqq-2026-02-05/,20260205T104700,['MarketBeat'],"SBI Securities Co. Ltd. reduced its stake in Invesco QQQ by 1.4% in the third quarter, selling 2,828 shares but still holding 194,954 shares valued at $117 million, making it its sixth largest holding. The Invesco QQQ recently increased its quarterly dividend to $0.7941 per share, representing an annualized yield of approximately 0.5%. Institutional activity for QQQ shows a mixed picture, with some firms boosting holdings while others adjusted, and recent Nasdaq weakness and technical warnings suggest potential for further outflows.",https://www.marketbeat.com/logos/invesco-qqq-logo-1200x675.png?v=20231212200553,MarketBeat,General,MarketBeat,"[{'topic': 'financial_markets', 'relevance_score': '0.920586'}, {'topic': 'technology', 'relevance_score': '0.818561'}, {'topic': 'finance', 'relevance_score': '0.731959'}, {'topic': 'earnings', 'relevance_score': '0.610149'}]",0.178102,Somewhat-Bullish,"[{'ticker': 'IVZ', 'relevance_score': '0.814862', 'ticker_sentiment_score': '0.008442', 'ticker_sentiment_label': 'Neutral'}, {'ticker': 'JPM', 'relevance_score': '0.605247', 'ticker_sentiment_score': '0.274189', 'ticker_sentiment_label': 'Somewhat-Bullish'}, {'ticker': 'WMT', 'relevance_score': '0.550677', 'ticker_sentiment_score': '0.063850', 'ticker_sentiment_label': 'Neutral'}, {'ticker': 'NOW', 'relevance_score': '0.553944', 'ticker_sentiment_score': '0.260456', 'ticker_sentiment_label': 'Somewhat-Bullish'}]"
"BI Asset Management Fondsmaeglerselskab A S Buys 431,032 Shares of CMS Energy Corporation $CMS",https://www.marketbeat.com/instant-alerts/filing-bi-asset-management-fondsmaeglerselskab-a-s-buys-431032-shares-of-cms-energy-corporation-cms-2026-02-05/,20260205T102846,['MarketBeat'],"BI Asset Management Fondsmaeglerselskab A S significantly increased its stake in CMS Energy Corporation by 3,585.4% in the third quarter, purchasing an additional 431,032 shares and now owning 443,054 shares worth approximately $32.46 million. The article notes that institutional ownership in CMS is high at 93.57%, with other funds also adding positions. Analysts maintain a ""Moderate Buy"" consensus rating with an average price target of $77.69.",https://www.marketbeat.com/logos/cms-energy-co-logo-1200x675.png?v=20221104113956,MarketBeat,General,MarketBeat,"[{'topic': 'financial_markets', 'relevance_score': '0.906779'}, {'topic': 'earnings', 'relevance_score': '0.839025'}, {'topic': 'finance', 'relevance_score': '0.715948'}, {'topic': 'energy_transportation', 'relevance_score': '0.644651'}]",0.34733,Somewhat-Bullish,"[{'ticker': 'CMS', 'relevance_score': '1.000000', 'ticker_sentiment_score': '0.314736', 'ticker_sentiment_label': 'Somewhat-Bullish'}, {'ticker': 'JPM', 'relevance_score': '0.620145', 'ticker_sentiment_score': '0.307555', 'ticker_sentiment_label': 'Somewhat-Bullish'}]"
"D.R. Horton, Inc. $DHI Stake Boosted by Hantz Financial Services Inc.",https://www.marketbeat.com/instant-alerts/filing-dr-horton-inc-dhi-stake-boosted-by-hantz-financial-services-inc-2026-02-05/,20260205T100241,['MarketBeat'],"Hantz Financial Services Inc. significantly increased its stake in D.R. Horton (NYSE:DHI) by 8,717.8% in Q3, now owning 29,804 shares valued at over $5 million. This move is part of a broader trend of institutional investors boosting their positions in the homebuilding company, which recently beat quarterly earnings estimates and declared a $0.45 quarterly dividend. Analysts currently have a consensus ""Hold"" rating on D.R. Horton with a target price of $160.50.",https://www.marketbeat.com/logos/dr-horton-inc-logo-1200x675.png?v=20231220092459,MarketBeat,General,MarketBeat,"[{'topic': 'earnings', 'relevance_score': '0.906192'}, {'topic': 'financial_markets', 'relevance_score': '0.828821'}, {'topic': 'real_estate', 'relevance_score': '0.709049'}, {'topic': 'finance', 'relevance_score': '0.641049'}, {'topic': 'economy_macro', 'relevance_score': '0.604005'}]",0.213147,Somewhat-Bullish,"[{'ticker': 'DHI', 'relevance_score': '1.000000', 'ticker_sentiment_score': '0.427567', 'ticker_sentiment_label': 'Bullish'}, {'ticker': 'JPM', 'relevance_score': '0.617163', 'ticker_sentiment_score': '0.141257', 'ticker_sentiment_label': 'Neutral'}, {'ticker': 'WFC', 'relevance_score': '0.647876', 'ticker_sentiment_score': '0.117729', 'ticker_sentiment_label': 'Neutral'}, {'ticker': 'BAC', 'relevance_score': '0.618764', 'ticker_sentiment_score': '0.128043', 'ticker_sentiment_label': 'Neutral'}]"
BI Asset Management Fondsmaeglerselskab A S Increases Stock Holdings in Avery Dennison Corporation $AVY,https://www.marketbeat.com/instant-alerts/filing-bi-asset-management-fondsmaeglerselskab-a-s-increases-stock-holdings-in-avery-dennison-corporation-avy-2026-02-05/,20260205T095356,['MarketBeat'],"BI Asset Management Fondsmaeglerselskab A S has increased its stake in Avery Dennison Corporation (NYSE:AVY) by 8.3% during the third quarter, bringing its total holdings to 169,569 shares valued at $27.5 million. This increase reflects broader institutional interest in Avery Dennison, with several other hedge funds also modifying their positions in the industrial products company. Avery Dennison recently reported strong Q4 earnings, beating expectations with $2.45 EPS, and declared a quarterly dividend of $0.94, signaling confidence in its financial performance.",https://www.marketbeat.com/logos/avery-dennison-corpo-logo-1200x675.jpg,MarketBeat,General,MarketBeat,"[{'topic': 'earnings', 'relevance_score': '0.917957'}, {'topic': 'financial_markets', 'relevance_score': '0.819812'}, {'topic': 'manufacturing', 'relevance_score': '0.705102'}, {'topic': 'finance', 'relevance_score': '0.606230'}]",0.300497,Somewhat-Bullish,"[{'ticker': 'AVY', 'relevance_score': '1.000000', 'ticker_sentiment_score': '0.406448', 'ticker_sentiment_label': 'Bullish'}, {'ticker': 'JPM', 'relevance_score': '0.618648', 'ticker_sentiment_score': '0.290343', 'ticker_sentiment_label': 'Somewhat-Bullish'}, {'ticker': 'MS', 'relevance_score': '0.558230', 'ticker_sentiment_score': '0.203728', 'ticker_sentiment_label': 'Somewhat-Bullish'}]"
Bessemer Group Inc. Cuts Stake in MSCI Inc $MSCI,https://www.marketbeat.com/instant-alerts/filing-bessemer-group-inc-cuts-stake-in-msci-inc-msci-2026-02-05/,20260205T093037,['MarketBeat'],"Bessemer Group Inc. reduced its stake in MSCI Inc. by 0.6% in the third quarter of 2025, selling 3,628 shares and now holding 586,974 shares valued at $333.05 million. Despite this, institutional ownership remains high at nearly 90%, with other major institutions like Norges Bank and Baillie Gifford increasing their positions. MSCI has also announced a $3.0 billion share repurchase program, raised its quarterly dividend to $2.05, and reported a Q3 EPS beat of $4.66 against estimates of $4.62, with revenue up 10.6%.",https://www.marketbeat.com/logos/msci-inc-logo-1200x675.png?v=20221026154357,MarketBeat,General,MarketBeat,"[{'topic': 'earnings', 'relevance_score': '0.914446'}, {'topic': 'financial_markets', 'relevance_score': '0.827466'}, {'topic': 'finance', 'relevance_score': '0.707463'}, {'topic': 'technology', 'relevance_score': '0.611412'}]",0.257834,Somewhat-Bullish,"[{'ticker': 'MSCI', 'relevance_score': '1.000000', 'ticker_sentiment_score': '0.310732', 'ticker_sentiment_label': 'Somewhat-Bullish'}, {'ticker': 'JPM', 'relevance_score': '0.596079', 'ticker_sentiment_score': '0.293177', 'ticker_sentiment_label': 'Somewhat-Bullish'}, {'ticker': 'NOW', 'relevance_score': '0.519258', 'ticker_sentiment_score': '0.228804', 'ticker_sentiment_label': 'Somewhat-Bullish'}]"
"Bessemer Group Inc. Sells 1,759,686 Shares of SLB Limited $SLB",https://www.marketbeat.com/instant-alerts/filing-bessemer-group-inc-sells-1759686-shares-of-slb-limited-slb-2026-02-05/,20260205T093025,['MarketBeat'],"Bessemer Group Inc. reduced its stake in SLB Limited by 27% in the third quarter, selling over 1.7 million shares but still retaining a significant holding valued at about $163.5 million. This divestiture comes amidst other institutional investors either adding to or reducing their positions, and recent insider selling by SLB executives. Despite some selling activity, analyst sentiment for SLB is largely positive, with multiple firms raising price targets and ratings, resulting in a ""Moderate Buy"" consensus and a boosted quarterly dividend.",https://www.marketbeat.com/logos/schlumberger-logo-1200x675.jpg,MarketBeat,General,MarketBeat,"[{'topic': 'earnings', 'relevance_score': '0.918452'}, {'topic': 'financial_markets', 'relevance_score': '0.843469'}, {'topic': 'energy_transportation', 'relevance_score': '0.748196'}, {'topic': 'finance', 'relevance_score': '0.615498'}]",0.361903,Bullish,"[{'ticker': 'SLB', 'relevance_score': '1.000000', 'ticker_sentiment_score': '0.419842', 'ticker_sentiment_label': 'Bullish'}, {'ticker': 'JPM', 'relevance_score': '0.558677', 'ticker_sentiment_score': '0.316020', 'ticker_sentiment_label': 'Somewhat-Bullish'}, {'ticker': 'C', 'relevance_score': '0.574953', 'ticker_sentiment_score': '0.335601', 'ticker_sentiment_label': 'Somewhat-Bullish'}]"
"9,585 Shares in First Solar, Inc. $FSLR Purchased by Harmony Asset Management LLC",https://www.marketbeat.com/instant-alerts/filing-9585-shares-in-first-solar-inc-fslr-purchased-by-harmony-asset-management-llc-2026-02-05/,20260205T093018,['MarketBeat'],"Harmony Asset Management LLC recently acquired 9,585 shares of First Solar (NASDAQ:FSLR) for approximately $2.11 million in the third quarter. This move is part of a larger trend, as institutional investors now own 92.08% of the company, with other major funds like Norges Bank and Viking Global also increasing their stakes. Analysts have responded positively, with several raising price targets and a consensus ""Moderate Buy"" rating for First Solar.",https://www.marketbeat.com/logos/first-solar-inc-logo-1200x675.jpg,MarketBeat,General,MarketBeat,"[{'topic': 'financial_markets', 'relevance_score': '0.912608'}]",0.26476,Somewhat-Bullish,"[{'ticker': 'FSLR', 'relevance_score': '1.000000', 'ticker_sentiment_score': '0.398808', 'ticker_sentiment_label': 'Bullish'}, {'ticker': 'C', 'relevance_score': '0.649123', 'ticker_sentiment_score': '0.518930', 'ticker_sentiment_label': 'Bullish'}, {'ticker': 'JPM', 'relevance_score': '0.553571', 'ticker_sentiment_score': '0.142529', 'ticker_sentiment_label': 'Neutral'}, {'ticker': 'GS', 'relevance_score': '0.586319', 'ticker_sentiment_score': '0.135939', 'ticker_sentiment_label': 'Neutral'}, {'ticker': 'MS', 'relevance_score': '0.586965', 'ticker_sentiment_score': '0.117586', 'ticker_sentiment_label': 'Neutral'}]"
Allianz Asset Management GmbH Boosts Stock Position in Archer Daniels Midland Company $ADM,https://www.marketbeat.com/instant-alerts/filing-allianz-asset-management-gmbh-boosts-stock-position-in-archer-daniels-midland-company-adm-2026-02-05/,20260205T092751,['MarketBeat'],"Allianz Asset Management GmbH increased its stake in Archer Daniels Midland Company by 45.8% in the third quarter, bringing its total holdings to 872,406 shares valued at $52.12 million. Several other institutional investors also adjusted their positions in ADM. The article details analyst ratings, recent news affecting the stock, including a dividend increase, Q4 earnings beat, and revenue miss, alongside the company's price performance and financial ratios.",https://www.marketbeat.com/logos/archer-daniels-midland-co-logo-1200x675.jpg?v=20200424121557,MarketBeat,General,MarketBeat,"[{'topic': 'earnings', 'relevance_score': '0.921455'}, {'topic': 'financial_markets', 'relevance_score': '0.821766'}, {'topic': 'finance', 'relevance_score': '0.721940'}, {'topic': 'economy_macro', 'relevance_score': '0.645558'}]",-0.115127,Neutral,"[{'ticker': 'ADM', 'relevance_score': '1.000000', 'ticker_sentiment_score': '0.041120', 'ticker_sentiment_label': 'Neutral'}, {'ticker': 'JPM', 'relevance_score': '0.628267', 'ticker_sentiment_score': '-0.160269', 'ticker_sentiment_label': 'Somewhat-Bearish'}]"
"Allianz Asset Management GmbH Purchases 69,290 Shares of Expeditors International of Washington, Inc. $EXPD",https://www.marketbeat.com/instant-alerts/filing-allianz-asset-management-gmbh-purchases-69290-shares-of-expeditors-international-of-washington-inc-expd-2026-02-05/,20260205T092415,['MarketBeat'],"Allianz Asset Management GmbH increased its stake in Expeditors International of Washington (NASDAQ:EXPD) by 14.0% in the third quarter, acquiring an additional 69,290 shares and now owning 565,430 shares valued at $69.32 million. The company's stock trades at $165.03 with a market capitalization of $22.12 billion, and institutional investors collectively own 94.02% of its shares. Analysts have a ""Reduce"" consensus rating with an average target price of $134.10, despite some recent price target increases.",https://www.marketbeat.com/logos/expeditors-international-of-washington-inc-logo-1200x675.png?v=20221104115253,MarketBeat,General,MarketBeat,"[{'topic': 'financial_markets', 'relevance_score': '1.000000'}, {'topic': 'earnings', 'relevance_score': '0.911419'}, {'topic': 'energy_transportation', 'relevance_score': '0.802139'}, {'topic': 'finance', 'relevance_score': '0.730876'}, {'topic': 'economy_macro', 'relevance_score': '0.638858'}]",0.131826,Neutral,"[{'ticker': 'EXPD', 'relevance_score': '1.000000', 'ticker_sentiment_score': '-0.085337', 'ticker_sentiment_label': 'Neutral'}, {'ticker': 'STZ', 'relevance_score': '0.604297', 'ticker_sentiment_score': '0.276983', 'ticker_sentiment_label': 'Somewhat-Bullish'}, {'ticker': 'CVX', 'relevance_score': '0.657297', 'ticker_sentiment_score': '0.075284', 'ticker_sentiment_label': 'Neutral'}, {'ticker': 'GOOGL', 'relevance_score': '0.639620', 'ticker_sentiment_score': '0.313138', 'ticker_sentiment_label': 'Somewhat-Bullish'}, {'ticker': 'JPM', 'relevance_score': '0.563266', 'ticker_sentiment_score': '-0.112183', 'ticker_sentiment_label': 'Neutral'}]"
"Machina Capital S.A.S. Sells 34,378 Shares of The Charles Schwab Corporation $SCHW",https://www.marketbeat.com/instant-alerts/filing-machina-capital-sas-sells-34378-shares-of-the-charles-schwab-corporation-schw-2026-02-05/,20260205T092108,['MarketBeat'],"Machina Capital S.A.S. reduced its stake in The Charles Schwab Corporation by 64.5% during the third quarter, selling 34,378 shares and retaining 18,932 shares worth approximately $1,807,000. This comes as Charles Schwab reported strong quarterly earnings, beating estimates with $1.39 EPS and $6.34 billion in revenue, and raised its quarterly dividend to $0.32 per share. Analysts maintain a ""Moderate Buy"" consensus for SCHW with an average target price of $115.65, though insiders have engaged in recent selling activity.",https://www.marketbeat.com/logos/the-charles-schwab-co-logo-1200x675.png?v=20231214125414,MarketBeat,General,MarketBeat,"[{'topic': 'earnings', 'relevance_score': '0.937388'}, {'topic': 'financial_markets', 'relevance_score': '0.927573'}, {'topic': 'finance', 'relevance_score': '0.834939'}, {'topic': 'economy_monetary', 'relevance_score': '0.636187'}]",0.276048,Somewhat-Bullish,"[{'ticker': 'SCHW', 'relevance_score': '1.000000', 'ticker_sentiment_score': '0.338264', 'ticker_sentiment_label': 'Somewhat-Bullish'}, {'ticker': 'JPM', 'relevance_score': '0.645252', 'ticker_sentiment_score': '0.272091', 'ticker_sentiment_label': 'Somewhat-Bullish'}, {'ticker': 'MS', 'relevance_score': '0.617443', 'ticker_sentiment_score': '0.348909', 'ticker_sentiment_label': 'Somewhat-Bullish'}, {'ticker': 'BAC', 'relevance_score': '0.591468', 'ticker_sentiment_score': '0.247811', 'ticker_sentiment_label': 'Somewhat-Bullish'}]"
Envestnet Asset Management Inc. Increases Stock Position in Capital One Financial Corporation $COF,https://www.marketbeat.com/instant-alerts/filing-envestnet-asset-management-inc-increases-stock-position-in-capital-one-financial-corporation-cof-2026-02-05/,20260205T090518,['MarketBeat'],"Envestnet Asset Management Inc. significantly increased its holdings in Capital One Financial Corporation by 2.7% during the third quarter, now owning 1,628,215 shares valued at $346.126 million. Other institutional investors like Vanguard Group Inc. and State Street Corp also substantially raised their stakes. Analyst ratings for Capital One Financial are predominantly ""Buy"" or ""Moderate Buy,"" with a consensus price target of $274.70.",https://www.marketbeat.com/logos/capital-one-logo-1200x675.jpg,MarketBeat,General,MarketBeat,"[{'topic': 'earnings', 'relevance_score': '0.946114'}, {'topic': 'financial_markets', 'relevance_score': '0.846703'}, {'topic': 'finance', 'relevance_score': '0.823810'}]",0.225135,Somewhat-Bullish,"[{'ticker': 'COF', 'relevance_score': '1.000000', 'ticker_sentiment_score': '0.069972', 'ticker_sentiment_label': 'Neutral'}, {'ticker': 'WFC', 'relevance_score': '0.618222', 'ticker_sentiment_score': '0.295813', 'ticker_sentiment_label': 'Somewhat-Bullish'}, {'ticker': 'JPM', 'relevance_score': '0.640587', 'ticker_sentiment_score': '0.268323', 'ticker_sentiment_label': 'Somewhat-Bullish'}, {'ticker': 'C', 'relevance_score': '0.613660', 'ticker_sentiment_score': '0.282821', 'ticker_sentiment_label': 'Somewhat-Bullish'}, {'ticker': 'BAC', 'relevance_score': '0.619965', 'ticker_sentiment_score': '0.295625', 'ticker_sentiment_label': 'Somewhat-Bullish'}]"
"Cullen Capital Management LLC Sells 29,636 Shares of Duke Energy Corporation $DUK",https://www.marketbeat.com/instant-alerts/filing-cullen-capital-management-llc-sells-29636-shares-of-duke-energy-corporation-duk-2026-02-05/,20260205T085911,['MarketBeat'],"Cullen Capital Management LLC reduced its stake in Duke Energy Corporation by 1.4% in the third quarter, selling 29,636 shares and leaving it with over 2 million shares valued at approximately $249.97 million. Duke Energy recently announced a quarterly dividend of $1.065 per share and reported strong Q3 earnings, beating analyst estimates with $1.81 EPS and $8.54 billion in revenue. Analysts currently maintain a ""Moderate Buy"" rating for the stock with an average target price of $134.50.",https://www.marketbeat.com/logos/duke-energy-corp-logo-1200x675.gif,MarketBeat,General,MarketBeat,"[{'topic': 'financial_markets', 'relevance_score': '1.000000'}, {'topic': 'earnings', 'relevance_score': '0.923244'}, {'topic': 'economy_macro', 'relevance_score': '0.709591'}, {'topic': 'energy_transportation', 'relevance_score': '0.730538'}, {'topic': 'finance', 'relevance_score': '0.735272'}]",0.064962,Neutral,"[{'ticker': 'DUK', 'relevance_score': '0.995049', 'ticker_sentiment_score': '0.269639', 'ticker_sentiment_label': 'Somewhat-Bullish'}, {'ticker': 'JPM', 'relevance_score': '0.622255', 'ticker_sentiment_score': '0.107393', 'ticker_sentiment_label': 'Neutral'}, {'ticker': 'GS', 'relevance_score': '0.586868', 'ticker_sentiment_score': '0.144005', 'ticker_sentiment_label': 'Neutral'}, {'ticker': 'WFC', 'relevance_score': '0.550544', 'ticker_sentiment_score': '-0.133255', 'ticker_sentiment_label': 'Neutral'}, {'ticker': 'SCHW', 'relevance_score': '0.584157', 'ticker_sentiment_score': '-0.138438', 'ticker_sentiment_label': 'Neutral'}]"
"Atlantic Union Bankshares Corp Purchases Shares of 9,180 EPAM Systems, Inc. $EPAM",https://www.marketbeat.com/instant-alerts/filing-atlantic-union-bankshares-corp-purchases-shares-of-9180-epam-systems-inc-epam-2026-02-05/,20260205T085642,['MarketBeat'],"Atlantic Union Bankshares Corp has acquired 9,180 shares of EPAM Systems, Inc., valued at approximately $1.384 million, marking a new position in the company. Institutional investors now own 91.58% of EPAM Systems. The article also notes a $1.0 billion share buyback authorization by EPAM's board, alongside recent insider selling.",https://www.marketbeat.com/logos/epam-systems-inc-logo-1200x675.png?v=20240507151547,MarketBeat,General,MarketBeat,"[{'topic': 'earnings', 'relevance_score': '0.939271'}, {'topic': 'financial_markets', 'relevance_score': '0.833531'}, {'topic': 'finance', 'relevance_score': '0.711365'}, {'topic': 'technology', 'relevance_score': '0.600002'}]",0.175824,Somewhat-Bullish,"[{'ticker': 'AUB', 'relevance_score': '0.323771', 'ticker_sentiment_score': '0.033900', 'ticker_sentiment_label': 'Neutral'}, {'ticker': 'EPAM', 'relevance_score': '0.980221', 'ticker_sentiment_score': '0.259907', 'ticker_sentiment_label': 'Somewhat-Bullish'}, {'ticker': 'WFC', 'relevance_score': '0.635890', 'ticker_sentiment_score': '0.141242', 'ticker_sentiment_label': 'Neutral'}, {'ticker': 'JPM', 'relevance_score': '0.574683', 'ticker_sentiment_score': '0.209978', 'ticker_sentiment_label': 'Somewhat-Bullish'}, {'ticker': 'MS', 'relevance_score': '0.541122', 'ticker_sentiment_score': '0.109078', 'ticker_sentiment_label': 'Neutral'}]"
Cooke & Bieler LP Decreases Holdings in JPMorgan Chase & Co. $JPM,https://www.marketbeat.com/instant-alerts/filing-cooke-bieler-lp-decreases-holdings-in-jpmorgan-chase-co-jpm-2026-02-05/,20260205T085545,['MarketBeat'],"Cooke & Bieler LP significantly reduced its stake in JPMorgan Chase & Co. by 96.8% during the third quarter, selling 166,836 shares and retaining 5,475 shares valued at $1.727 million. Despite this large reduction by one fund, other hedge funds increased their positions, and institutional investors collectively own 71.55% of the company's stock. JPMorgan Chase reported strong Q4 earnings, surpassing analyst estimates, and announced a quarterly dividend of $1.50 per share.",https://www.marketbeat.com/logos/jpmorgan-chase--co-logo-1200x675.png?v=20221020142040,MarketBeat,General,MarketBeat,"[{'topic': 'earnings', 'relevance_score': '0.945961'}, {'topic': 'financial_markets', 'relevance_score': '0.839067'}, {'topic': 'finance', 'relevance_score': '0.737746'}, {'topic': 'economy_macro', 'relevance_score': '0.614997'}]",0.137601,Neutral,"[{'ticker': 'JPM', 'relevance_score': '1.000000', 'ticker_sentiment_score': '0.109509', 'ticker_sentiment_label': 'Neutral'}, {'ticker': 'GS', 'relevance_score': '0.620316', 'ticker_sentiment_score': '0.343909', 'ticker_sentiment_label': 'Somewhat-Bullish'}, {'ticker': 'MS', 'relevance_score': '0.641119', 'ticker_sentiment_score': '0.020447', 'ticker_sentiment_label': 'Neutral'}]"
"Machina Capital S.A.S. Grows Stake in VeriSign, Inc. $VRSN",https://www.marketbeat.com/instant-alerts/filing-machina-capital-sas-grows-stake-in-verisign-inc-vrsn-2026-02-05/,20260205T084913,['MarketBeat'],"Machina Capital S.A.S. significantly increased its stake in VeriSign, Inc. (NASDAQ:VRSN) by 502.2% in the third quarter, bringing its total holdings to 6,702 shares valued at $1.874 million. Other major institutions like Norges Bank and AQR Capital Management also acquired or boosted their positions, leading to institutional investors owning approximately 92.9% of the company. Despite mixed analyst ratings, the consensus remains ""Hold"" with an average price target of $298.00.",https://www.marketbeat.com/logos/verisign-inc-logo-1200x675.png,MarketBeat,General,MarketBeat,"[{'topic': 'financial_markets', 'relevance_score': '0.915789'}, {'topic': 'finance', 'relevance_score': '0.819623'}, {'topic': 'earnings', 'relevance_score': '0.716459'}, {'topic': 'technology', 'relevance_score': '0.630705'}]",0.08444,Neutral,"[{'ticker': 'VRSN', 'relevance_score': '1.000000', 'ticker_sentiment_score': '0.176711', 'ticker_sentiment_label': 'Somewhat-Bullish'}, {'ticker': 'GOOGL', 'relevance_score': '0.532264', 'ticker_sentiment_score': '-0.154006', 'ticker_sentiment_label': 'Somewhat-Bearish'}, {'ticker': 'AAPL', 'relevance_score': '0.540424', 'ticker_sentiment_score': '-0.194370', 'ticker_sentiment_label': 'Somewhat-Bearish'}, {'ticker': 'C', 'relevance_score': '0.538892', 'ticker_sentiment_score': '0.309665', 'ticker_sentiment_label': 'Somewhat-Bullish'}, {'ticker': 'JPM', 'relevance_score': '0.516707', 'ticker_sentiment_score': '0.191549', 'ticker_sentiment_label': 'Somewhat-Bullish'}]"
AEGON ASSET MANAGEMENT UK Plc Has $202.51 Million Stake in JPMorgan Chase & Co. $JPM,https://www.marketbeat.com/instant-alerts/filing-aegon-asset-management-uk-plc-has-20251-million-stake-in-jpmorgan-chase-co-jpm-2026-02-05/,20260205T084045,['MarketBeat'],"AEGON ASSET MANAGEMENT UK Plc has reduced its stake in JPMorgan Chase & Co. by 6.1%, now holding 642,075 shares valued at $202.51 million, making it their 8th largest position. Despite this sale, institutional investors collectively own 71.55% of JPM shares. JPMorgan Chase & Co. recently beat Q4 earnings expectations with EPS of $5.23 and revenue of $46.77 billion.",https://www.marketbeat.com/logos/jpmorgan-chase--co-logo-1200x675.png?v=20221020142040,MarketBeat,General,MarketBeat,"[{'topic': 'earnings', 'relevance_score': '0.913062'}, {'topic': 'financial_markets', 'relevance_score': '0.815523'}, {'topic': 'finance', 'relevance_score': '0.949643'}, {'topic': 'economy_macro', 'relevance_score': '0.637421'}]",0.252577,Somewhat-Bullish,"[{'ticker': 'JPM', 'relevance_score': '1.000000', 'ticker_sentiment_score': '0.251328', 'ticker_sentiment_label': 'Somewhat-Bullish'}]"
Chilton Capital Management LLC Decreases Stake in JPMorgan Chase & Co. $JPM,https://www.marketbeat.com/instant-alerts/filing-chilton-capital-management-llc-decreases-stake-in-jpmorgan-chase-co-jpm-2026-02-05/,20260205T083145,['MarketBeat'],"Chilton Capital Management LLC significantly reduced its stake in JPMorgan Chase & Co. by 21.2% in the third quarter, now holding shares valued at $55.92 million. This move comes as company insiders have also been selling shares, although JPMorgan Chase & Co. recently beat analyst expectations for earnings and revenue. The stock currently holds a ""Moderate Buy"" consensus rating among analysts, with an average price target of $336.82.",https://www.marketbeat.com/logos/jpmorgan-chase--co-logo-1200x675.png?v=20221020142040,MarketBeat,General,MarketBeat,"[{'topic': 'earnings', 'relevance_score': '0.948380'}, {'topic': 'financial_markets', 'relevance_score': '0.905282'}, {'topic': 'finance', 'relevance_score': '0.946177'}, {'topic': 'economy_macro', 'relevance_score': '0.648552'}]",0.18935,Somewhat-Bullish,"[{'ticker': 'JPM', 'relevance_score': '1.000000', 'ticker_sentiment_score': '0.159771', 'ticker_sentiment_label': 'Somewhat-Bullish'}]"
JPMorgan Chase & Co. $JPM Shares Acquired by Vanguard Personalized Indexing Management LLC,https://www.marketbeat.com/instant-alerts/filing-jpmorgan-chase-co-jpm-shares-acquired-by-vanguard-personalized-indexing-management-llc-2026-02-05/,20260205T082648,['MarketBeat'],"Vanguard Personalized Indexing Management LLC increased its stake in JPMorgan Chase & Co. by 2.3% in the third quarter, acquiring an additional 10,042 shares to bring its total holdings to 452,698 shares valued at $142.9 million. JPMorgan recently surpassed earnings expectations with an EPS of $5.23 and revenue of $46.77 billion, marking a 7.1% year-over-year increase. Despite some insider share sales, the company maintains a ""Moderate Buy"" consensus rating from analysts with an average price target of $336.82, and offers a quarterly dividend of $1.50.",https://www.marketbeat.com/logos/jpmorgan-chase--co-logo-1200x675.png?v=20221020142040,MarketBeat,General,MarketBeat,"[{'topic': 'earnings', 'relevance_score': '0.944064'}, {'topic': 'financial_markets', 'relevance_score': '0.805801'}, {'topic': 'finance', 'relevance_score': '0.823796'}]",0.005725,Neutral,"[{'ticker': 'JPM', 'relevance_score': '0.313989', 'ticker_sentiment_score': '0.030110', 'ticker_sentiment_label': 'Neutral'}]"
"Gilead Sciences, Inc. $GILD Shares Purchased by AGF Management Ltd.",https://www.marketbeat.com/instant-alerts/filing-gilead-sciences-inc-gild-shares-purchased-by-agf-management-ltd-2026-02-05/,20260205T081541,['MarketBeat'],"AGF Management Ltd. significantly increased its stake in Gilead Sciences, Inc. during the third quarter, acquiring an additional 10,303 shares to bring its total holdings to 22,903 shares valued at approximately $2.54 million. This action comes amidst insider selling by key executives and a consensus ""Moderate Buy"" rating from analysts, with an average target price of $136.73. The article also details other institutional investor activity and recent analyst price target adjustments for the biopharmaceutical company.",https://www.marketbeat.com/logos/Gilead_Sciences_Pty_Ltd-1200x675.jpg,MarketBeat,General,MarketBeat,"[{'topic': 'life_sciences', 'relevance_score': '0.902933'}, {'topic': 'financial_markets', 'relevance_score': '0.746232'}, {'topic': 'earnings', 'relevance_score': '0.635113'}]",0.166159,Somewhat-Bullish,"[{'ticker': 'GILD', 'relevance_score': '1.000000', 'ticker_sentiment_score': '0.323358', 'ticker_sentiment_label': 'Somewhat-Bullish'}, {'ticker': 'JPM', 'relevance_score': '0.617425', 'ticker_sentiment_score': '0.143329', 'ticker_sentiment_label': 'Neutral'}, {'ticker': 'C', 'relevance_score': '0.626985', 'ticker_sentiment_score': '0.139800', 'ticker_sentiment_label': 'Neutral'}, {'ticker': 'MS', 'relevance_score': '0.626933', 'ticker_sentiment_score': '0.128905', 'ticker_sentiment_label': 'Neutral'}]"
Gladstone Investment Corporation (NASDAQ:GAIN) Q3 2026 Earnings Call Transcript,https://www.insidermonkey.com/blog/gladstone-investment-corporation-nasdaqgain-q3-2026-earnings-call-transcript-1689411/,20260205T080600,[],"Gladstone Investment Corporation (NASDAQ:GAIN) held its Q3 2026 earnings call, discussing strong performance driven by portfolio growth and existing company results. The company reported an adjusted NII of $0.21 per share, total assets of $1.2 billion, and made investments totaling $163 million in four new portfolio companies. They highlighted their blended equity and debt acquisition strategy, the protection offered by interest rate floors, and a healthy pipeline for new acquisitions despite a competitive M&A market.",https://imonkey-blog.imgix.net/blog/wp-content/uploads/2023/11/24040729/GAIN-insidermonkey-1700816847235.jpg?auto=format&fit=clip&expires=1801785600&width=480&height=269,Insider Monkey,General,Insider Monkey,"[{'topic': 'earnings', 'relevance_score': '1.000000'}, {'topic': 'finance', 'relevance_score': '0.845368'}, {'topic': 'mergers_and_acquisitions', 'relevance_score': '0.809806'}, {'topic': 'economy_monetary', 'relevance_score': '0.636775'}, {'topic': 'economy_macro', 'relevance_score': '0.608689'}]",0.157508,Somewhat-Bullish,"[{'ticker': 'GAINN', 'relevance_score': '0.312916', 'ticker_sentiment_score': '0.040000', 'ticker_sentiment_label': 'Neutral'}, {'ticker': 'BAC', 'relevance_score': '0.617880', 'ticker_sentiment_score': '0.237125', 'ticker_sentiment_label': 'Somewhat-Bullish'}, {'ticker': 'JPM', 'relevance_score': '0.596575', 'ticker_sentiment_score': '0.242146', 'ticker_sentiment_label': 'Somewhat-Bullish'}]"
"Corteva, Inc. (NYSE:CTVA) Q4 2025 Earnings Call Transcript",https://www.insidermonkey.com/blog/corteva-inc-nysectva-q4-2025-earnings-call-transcript-1689417/,20260205T080600,['Insider Monkey Transcripts'],"Corteva, Inc. announced strong Q4 and full-year 2025 results, with organic sales up 4% and operating EBITDA rising 14%. The company also confirmed its full-year 2026 operating EBITDA guidance of $4.1 billion at the midpoint, representing 7% growth. A significant development is the comprehensive resolution with Bayer, which accelerates Corteva's corn and cotton licensing ambitions and is expected to generate $1 billion in aggregate earnings upside over the next decade.",https://imonkey-blog.imgix.net/blog/wp-content/uploads/2023/09/25122133/CTVA-insidermonkey-1695658891048.jpg?auto=format&fit=clip&expires=1801785600&width=480&height=269,Insider Monkey,General,Insider Monkey,"[{'topic': 'earnings', 'relevance_score': '0.944726'}, {'topic': 'financial_markets', 'relevance_score': '0.644412'}, {'topic': 'economy_macro', 'relevance_score': '0.631568'}]",0.272468,Somewhat-Bullish,"[{'ticker': 'CTVA', 'relevance_score': '1.000000', 'ticker_sentiment_score': '0.610163', 'ticker_sentiment_label': 'Bullish'}, {'ticker': 'MS', 'relevance_score': '0.558956', 'ticker_sentiment_score': '0.078878', 'ticker_sentiment_label': 'Neutral'}, {'ticker': 'JPM', 'relevance_score': '0.583766', 'ticker_sentiment_score': '0.087359', 'ticker_sentiment_label': 'Neutral'}]"
3 High-Yield Energy Stocks to Buy in February,https://www.theglobeandmail.com/investing/markets/stocks/ET/pressreleases/37629/3-high-yield-energy-stocks-to-buy-in-february/,20260205T080208,['Motley Fool'],"The article recommends three high-yield energy stocks for February: Enbridge, Energy Transfer, and Enterprise Products Partners. Enbridge offers stability and a 5.6% dividend yield, having increased dividends for 30 consecutive years. Energy Transfer boasts a 7.3% distribution yield and benefits from AI data center growth, while Enterprise Products Partners, with a 6.3% yield, also eyes AI-related growth, with significant EBITDA and cash flow increases projected for 2027.",https://barchart-news-media-prod.aws.barchart.com/FC/fe0e6979db4ded1b9d0036c1ae91e6eb/%3Furl%3Dhttps%253a%252f%252fg.foolcdn.com%252feditorial%252fimages%252f854483%252fpipeline-welder.jpg%26amp%3Bw%3D700,The Globe and Mail,General,The Globe and Mail,"[{'topic': 'financial_markets', 'relevance_score': '0.917805'}, {'topic': 'energy_transportation', 'relevance_score': '0.942893'}, {'topic': 'earnings', 'relevance_score': '0.803115'}]",-0.079019,Neutral,"[{'ticker': 'ET-P-I', 'relevance_score': '0.339259', 'ticker_sentiment_score': '0.005097', 'ticker_sentiment_label': 'Neutral'}, {'ticker': 'JPM', 'relevance_score': '0.608683', 'ticker_sentiment_score': '-0.120494', 'ticker_sentiment_label': 'Neutral'}]"
"Varonis Systems, Inc. (NASDAQ:VRNS) Given Average Rating of ""Moderate Buy"" by Brokerages",https://www.marketbeat.com/instant-alerts/varonis-systems-inc-nasdaqvrns-given-average-rating-of-moderate-buy-by-brokerages-2026-02-05/,20260205T075931,['MarketBeat'],"Varonis Systems, Inc. (NASDAQ:VRNS) has received a ""Moderate Buy"" average rating from 22 brokerages, with an average 1-year price target of $45.00. The company recently surpassed Q4 estimates, reporting $173.4M in revenue and GAAP EPS of $0.08, and raised its FY-2026 EPS guidance. Despite these positive developments and an acquisition to expand its AI/security offerings, Varonis faces legal risks from securities-class action filings regarding its SaaS transition and observed bearish derivatives trading.",https://www.marketbeat.com/logos/varonis-systems-inc-logo-1200x675.png?v=20250521141152,MarketBeat,General,MarketBeat,"[{'topic': 'earnings', 'relevance_score': '0.928507'}, {'topic': 'financial_markets', 'relevance_score': '0.910011'}, {'topic': 'technology', 'relevance_score': '0.837165'}, {'topic': 'mergers_and_acquisitions', 'relevance_score': '0.710784'}, {'topic': 'finance', 'relevance_score': '0.623643'}]",-0.045678,Neutral,"[{'ticker': 'VRNS', 'relevance_score': '1.000000', 'ticker_sentiment_score': '-0.084645', 'ticker_sentiment_label': 'Neutral'}, {'ticker': 'JPM', 'relevance_score': '0.640346', 'ticker_sentiment_score': '0.026204', 'ticker_sentiment_label': 'Neutral'}, {'ticker': 'MS', 'relevance_score': '0.613991', 'ticker_sentiment_score': '0.039221', 'ticker_sentiment_label': 'Neutral'}]"
Bright Minds Biosciences (DRUG) Projected to Post Quarterly Earnings on Thursday,https://www.marketbeat.com/instant-alerts/bright-minds-biosciences-drug-projected-to-post-quarterly-earnings-on-thursday-2026-02-05/,20260205T073313,['MarketBeat'],"Bright Minds Biosciences (NASDAQ:DRUG) is projected to release its Q1 2026 earnings before the market opens on Thursday, February 12th, with analysts anticipating a loss of ($0.98) per share. The clinical-stage biotech company, which develops psychedelic-inspired small molecules for mental health, has a ""Moderate Buy"" consensus rating from Wall Street with a consensus price target of $121. Despite a recent stock opening around $76, the company's shares have surged nearly 1,500% over the last year, and several hedge funds have adjusted their holdings.",https://www.marketbeat.com/logos/bright-minds-biosciences-inc-logo-1200x675.jpg?v=20220428075958,MarketBeat,General,MarketBeat,"[{'topic': 'earnings', 'relevance_score': '1.000000'}, {'topic': 'life_sciences', 'relevance_score': '0.834613'}, {'topic': 'financial_markets', 'relevance_score': '0.715682'}]",0.181552,Somewhat-Bullish,"[{'ticker': 'DRUG', 'relevance_score': '1.000000', 'ticker_sentiment_score': '0.251239', 'ticker_sentiment_label': 'Somewhat-Bullish'}, {'ticker': 'JPM', 'relevance_score': '0.622423', 'ticker_sentiment_score': '0.111019', 'ticker_sentiment_label': 'Neutral'}]"
What Is SLVON? Tokenized iShares Silver Trust ETF by Ondo â€“ Price & How to Buy 2026,https://phemex.com/academy/what-is-ishares-silver-trust-tokenized-etf-ondo-slvon,20260205T073101,['Ruby'],"SLVON is a tokenized version of the iShares Silver Trust (SLV) ETF, issued by Ondo Finance, offering on-chain exposure to physical silver prices for eligible non-U.S. investors. It provides 24/7 transfers, digital management, and fractional entry, mirroring the performance of the traditional SLV ETF. The token aims to bridge traditional silver markets with DeFi composability, although it carries risks such as commodity volatility, tracking errors, and regulatory uncertainty.",https://img.phemex.com/v1/cec79afa-19d0-434c-a742-a5541036172d/what-is-slvon.jpeg,Phemex,General,Phemex,"[{'topic': 'blockchain', 'relevance_score': '1.000000'}, {'topic': 'financial_markets', 'relevance_score': '0.911219'}, {'topic': 'finance', 'relevance_score': '0.835863'}, {'topic': 'economy_macro', 'relevance_score': '0.641887'}]",0.239397,Somewhat-Bullish,"[{'ticker': 'SLV', 'relevance_score': '1.000000', 'ticker_sentiment_score': '0.312231', 'ticker_sentiment_label': 'Somewhat-Bullish'}, {'ticker': 'BLK', 'relevance_score': '0.748551', 'ticker_sentiment_score': '0.277568', 'ticker_sentiment_label': 'Somewhat-Bullish'}, {'ticker': 'JPM', 'relevance_score': '0.555697', 'ticker_sentiment_score': '0.137190', 'ticker_sentiment_label': 'Neutral'}, {'ticker': 'COIN', 'relevance_score': '0.607692', 'ticker_sentiment_score': '0.189257', 'ticker_sentiment_label': 'Somewhat-Bullish'}]"
Elme Communities (ELME) to Release Quarterly Earnings on Thursday,https://www.marketbeat.com/instant-alerts/elme-communities-elme-to-release-quarterly-earnings-on-thursday-2026-02-05/,20260205T070201,['MarketBeat'],"Elme Communities (ELME) is scheduled to release its Q4 2025 earnings before market open on Thursday, February 12th, with analysts forecasting earnings per share of $0.23 and revenue of $43.479 million. The company's stock, currently trading near its 12-month low at $2.20, has a market capitalization of approximately $194 million and a negative P/E ratio. Analysts generally hold a ""Reduce"" or ""Hold"" rating on the stock, with an average target price of $18.50, following recent target price cuts by firms like JPMorgan Chase & Co.",https://www.marketbeat.com/logos/elme-communities-logo-1200x675.png?v=20221024072427,MarketBeat,General,MarketBeat,"[{'topic': 'earnings', 'relevance_score': '0.929356'}, {'topic': 'real_estate', 'relevance_score': '0.812378'}, {'topic': 'financial_markets', 'relevance_score': '0.745388'}, {'topic': 'finance', 'relevance_score': '0.627965'}]",-0.071535,Neutral,"[{'ticker': 'ELME', 'relevance_score': '1.000000', 'ticker_sentiment_score': '-0.213445', 'ticker_sentiment_label': 'Somewhat-Bearish'}, {'ticker': 'JPM', 'relevance_score': '0.623419', 'ticker_sentiment_score': '0.125036', 'ticker_sentiment_label': 'Neutral'}]"
